id,title,score,num_comments,author,url,upvote_ratio,over_18,spoiler,created,body
1ctp79f,"France vs. 'Shrinkflation': Starting July 1, All 'Shrinked' Products Must Be Labelled For Consumers",29472,995,PauloPatricio,https://www.ibtimes.co.uk/france-vs-shrinkflation-starting-july-1-all-shrinked-products-must-labelled-consumers-1724667,0.97,False,False,2024-05-16 22:01:35,
1ctywub,French police kill man trying to 'burn synagogue',8077,1365,DekiTree,https://www.bbc.co.uk/news/articles/cp3g8kl8dd5o,0.92,False,False,2024-05-17 06:53:59,
1ctl2ph,"More than 60% of world’s coral reefs may have bleached in past year, U.S. agency says",5393,253,Unusual-State1827,https://www.theglobeandmail.com/world/article-more-than-60-of-worlds-coral-reefs-may-have-bleached-in-past-year-noaa/,0.97,False,False,2024-05-16 19:15:11,
1cu2nr4,US military says first aid shipment has been driven across a newly built US pier into the Gaza Strip,4911,749,teamworldunity,https://apnews.com/article/israel-hamas-war-gaza-aid-us-pier-05-17-2024-336c810724d107a41bb6628c721aea7c,0.95,False,False,2024-05-17 11:18:57,
1ctj9h4,Top NATO commander says Russian troop numbers insufficient for Kharkiv breakthrough,3932,312,Advanced_Drink_8536,https://www.reuters.com/world/europe/top-nato-commander-says-russian-troop-numbers-insufficient-kharkiv-breakthrough-2024-05-16/,0.96,False,False,2024-05-16 18:01:22,
1ctm2ou,"Israel to abolish free trade deal with Turkey, impose 100% tariff on Turkish imports, finance minister says",2260,165,Conamin,https://www.reuters.com/world/middle-east/israel-abolish-free-trade-deal-with-turkey-impose-100-tariff-turkish-imports-2024-05-16/,0.9,False,False,2024-05-16 19:54:56,
1ctpxir,Liechtenstein Legalizes Same-sex Marriage ,1935,111,Extreme_Hate2023,https://www.lgbtqnation.com/2024/05/a-small-european-country-just-made-big-news-by-legalizing-same-sex-marriage/,0.92,False,False,2024-05-16 22:34:35,
1ctw52l,"Russian Novorossiysk port, oil depot hit in overnight attack",1886,63,n8r0n,https://kyivindependent.com/russian-media-novorossiysk-port-oil-depot-hit-in-overnight-attack/,0.97,False,False,2024-05-17 03:55:24,
1ctpuby,Spain denies port of call to ship carrying arms to Israel,1837,503,S_CO_W_TX_bound,https://www.theguardian.com/world/article/2024/may/16/spain-denies-port-of-call-to-ship-carrying-arms-to-israel,0.89,False,False,2024-05-16 22:30:26,
1cu35ov,Zelensky: No reports of artillery shortages for first time in full-scale war,1886,146,javelin3000,https://kyivindependent.com/zelensky-progress-made-on-artillery-shortage/,0.97,False,False,2024-05-17 11:48:47,
1ctmo85,"Western military trainers will be sent to Ukraine ‘eventually,’ top US military official says",1424,131,semafornews,https://www.semafor.com/article/05/16/2024/ukraine-western-military-training-charles-q-brown-jr-nato?utm_campaign=semaforreddit,0.95,False,False,2024-05-16 20:17:25,
1ctl7x0,Russian Disinfo Campaign Blames Ukraine for Shooting of Slovakia’s Prime Minister,1298,110,wiredmagazine,https://www.wired.com/story/russia-blaming-ukraine-slovakia-prime-minister-robert-fico-shooting/,0.91,False,False,2024-05-16 19:20:49,
1ctxsr0,"Potential Impact of Recriminalizing Cannabis in Thailand: The Return of Severe Jail Sentences, PM Calls For The Arrest Of Foreign Dispensary Owners",1096,76,nomadicben420,https://www.medicinaldaily.com/potential-impact-of-recriminalizing-cannabis-in-thailand-the-return-of-severe-jail-sentences/,0.95,False,False,2024-05-17 05:38:06,
1ctmlet,Zelenskyy visits frontline amidst ongoing Russian offensive,1001,69,PersistentPilgrim,https://www.euronews.com/2024/05/16/zelenskyy-visits-frontline-amidst-ongoing-russian-offensive,0.95,False,False,2024-05-16 20:14:30,
1cu2o7w,"Ukrainian strike on Crimea airbase destroys three Russian warplanes, satellite firm says",1064,36,BriskBlogger,https://www.reuters.com/world/europe/ukrainian-strike-crimea-airbase-destroys-three-russian-warplanes-satellite-firm-2024-05-17/,0.96,False,False,2024-05-17 11:19:47,
1ctybqr,China new home prices fall at fastest pace in over 9 years,1002,185,GroundbreakingGur930,https://www.channelnewsasia.com/asia/china-new-home-prices-fall-property-market-crisis-4342851,0.95,False,False,2024-05-17 06:13:19,
1cu2big,Gaza war: Israel accuses South Africa of false claims at ICJ,908,227,dj-otzi,https://www.bbc.com/news/articles/ckr5g7enp1ko,0.85,False,False,2024-05-17 10:58:43,
1cu81su,Israeli forces uncover multiple hostage bodies in Gaza tunnels,1213,251,itslalala,https://www.jpost.com/israel-hamas-war/article-801561,0.9,False,False,2024-05-17 15:25:24,
1cu5ltu,White House Worries Russia’s Momentum Is Changing Trajectory of Ukraine War,1168,306,AlertTangerine,https://www.nytimes.com/2024/05/14/us/politics/russia-momentum-ukraine-war.html,0.93,False,False,2024-05-17 13:46:29,
1ctw9fd,"/r/WorldNews Live Thread: Russian Invasion of Ukraine Day 814, Part 1 (Thread #960)",830,311,WorldNewsMods,https://www.reddit.com/live/18hnzysb1elcs,0.96,False,False,2024-05-17 04:02:11,
1ctvv66,"‘It’s Going Quite Well,’ Putin Tells Xi",812,192,Ask4MD,https://www.kyivpost.com/post/32786,0.89,False,False,2024-05-17 03:39:19,
1ctnkfe,"Canada sanctions ""extremist"" Israeli settlers",656,137,Anaud-E-Moose,https://www.cbc.ca/news/politics/canada-sanctions-israeli-settlers-1.7206329,0.8,False,False,2024-05-16 20:52:14,
1cu406z,"Israel confirms 2 Thai nationals were killed on Oct. 7, bodies being held by Hamas",690,63,Equivalent_Goat_Meat,https://www.timesofisrael.com/israel-confirms-2-thai-nationals-were-killed-on-oct-7-bodies-being-held-by-hamas/,0.9,False,False,2024-05-17 12:33:30,
1ctjral,"As Russia Advances, NATO Considers Sending Trainers Into Ukraine",545,78,HenzShuyi,https://www.nytimes.com/2024/05/16/us/politics/nato-ukraine.html,0.93,False,False,2024-05-16 18:21:10,
1ctjzbl,Putin and Xi vow to deepen 'no limits' partnership as Russia advances in Ukraine,490,153,doodly-123,https://www.nbcnews.com/news/world/putin-xi-agree-deepen-partnership-russia-advances-ukraine-war-rcna152528,0.87,False,False,2024-05-16 18:30:28,
1cu41m0,"Ukraine appears to have launched its biggest drone attack ever, with reports of explosions at two major Russian ports",548,22,lustyadorbz,https://www.businessinsider.com/ukraine-launched-largest-drone-attack-ever-russia-ports-uavs-report-2024-5,0.97,False,False,2024-05-17 12:35:31,
1ctwkrg,"In first, UN Security Council holds meeting solely focused on hostages held by Hamas",467,54,Ask4MD,https://www.timesofisrael.com/in-first-un-security-council-holds-meeting-solely-focused-on-hostages-held-by-hamas/,0.92,False,False,2024-05-17 04:21:01,
1cu845k,Body of Hostage Shani Louk discovered in Gaza and Returned to Israel,658,94,yoyo456,https://www.jpost.com/israel-hamas-war/article-801582?utm_source=jpost.app.android&utm_medium=share,0.93,False,False,2024-05-17 15:28:01,
1cthx2j,"Poland to take ownership of F-35 fighters in August, Defense Minister says",409,37,BubsyFanboy,https://tvpworld.com/77543650/poland-to-take-ownership-of-f35-fighters-in-august-defense-minister-says,0.95,False,False,2024-05-16 17:05:55,
1ctnjiz,State Department removes Cuba from short list of countries deemed uncooperative on counterterrorism,376,20,Fun_Coyote_2402,https://apnews.com/article/cuba-us-counterterrorism-list-state-department-diplomacy-a0dc0eb187b9fcc2fcc1dc5df5a8f75a,0.94,False,False,2024-05-16 20:51:14,
1cu1hmm,Ukraine military says it downs all 20 drones launched by Russia,310,3,lustyadorbz,https://www.reuters.com/world/europe/ukraine-military-says-it-downs-all-20-drones-launched-by-russia-2024-05-17/,0.93,False,False,2024-05-17 10:02:36,
1ctmfth,Moldova to hold referendum on joining EU in October,246,12,Informal_Database543,https://kyivindependent.com/moldova-to-hold-referendum-on-joining-eu-in-october/,0.94,False,False,2024-05-16 20:08:34,
1cu140k,"Russian military killing civilians in Vovchansk, Ukrainian authorities say",202,4,duckanroll,https://novayagazeta.eu/articles/2024/05/17/russian-military-killing-civilians-in-vovchansk-ukrainian-authorities-say-en-news,0.88,False,False,2024-05-17 09:35:59,
1cu72i8,Ukrainian military's Starlink terminals went down at beginning of Russian offensive in Kharkiv Oblast,337,53,Pravda_UA,https://www.pravda.com.ua/eng/news/2024/05/17/7456272/,0.95,False,False,2024-05-17 14:46:51,
1cu37nc,Frontline report: Ukraine seizes initiative after wildfires ravage Russian positions in Luhansk Oblast,191,8,Silly-avocatoe,https://euromaidanpress.com/2024/05/17/frontline-report-ukraine-seizes-initiative-after-wildfires-ravage-russian-positions-in-luhansk-oblast/,0.92,False,False,2024-05-17 11:51:52,
1cu36jh,"Israel to South Africa at UN top court: 700 tunnel shafts found in Rafah, 50 cross into Egypt",191,11,Current-Bridge-9422,https://www.ynetnews.com/article/b12ct00v7c,0.84,False,False,2024-05-17 11:50:09,
1cu1syy,Russian uranium supplier Tenex issues force majeure notice after U.S. ban,141,11,TheOnlySafeCult,"https://www.bnnbloomberg.ca/russian-uranium-supplier-tenex-issues-force-majeure-notice-after-us-ban-1.2074081#:~:text=Russian%20Uranium%20Supplier%20Tenex%20Issues%20Force%20Majeure%20Notice%20After%20US%20Ban,-Ari%20Natter%2C%20Bloomberg&text=(Bloomberg)%20%2D%2D%20Russia's%20state%2D,of%20the%20company's%20nuclear%20fuel",0.91,False,False,2024-05-17 10:24:27,
1ctowfg,‘They Shot at Us All’: Burkina Faso Accused of Massacring Civilians,122,3,tomydenger,https://www.nytimes.com/2024/05/11/world/africa/burkina-faso-massacre.html,0.91,False,False,2024-05-16 21:48:14,
1cu4a0b,"‘Iran staging itself to reach nuclear goal in 1 or 2 weeks,’ experts say",158,89,Red_Franklin,https://www.ynetnews.com/article/hygtd2nx0,0.87,False,False,2024-05-17 12:47:17,
1ctyngl,Spain denies port of call to vessel carrying shipment of ‘arms to Israel from India’,109,38,Even_Jellyfish_214,https://theprint.in/world/spain-denies-port-of-call-to-vessel-carrying-shipment-of-arms-to-israel-from-india/2088967/,0.78,False,False,2024-05-17 06:35:30,
1cu4t4y,MiG-31 Foxhounds Confirmed Destroyed In New Imagery Of Belbek Air Base,118,5,CuteAndQuirkyNazgul,https://www.twz.com/news-features/mig-31-foxhounds-confirmed-destroyed-in-new-imagery-of-belbek-air-base,0.95,False,False,2024-05-17 13:11:53,
1cu42uy,US says first aid trucks arrive via Gaza pier,108,20,artnasion,https://f1one.info/us-says-first-aid-trucks-arrive-via-gaza-pier/,0.89,False,False,2024-05-17 12:37:17,
1cu2k64,Top US Nazi hunter tells ‘Post’: Israel is obligated to stop Hamas's genocide ,115,104,Master-Concept-5260,https://m.jpost.com/israel-hamas-war/article-801461,0.65,False,False,2024-05-17 11:12:56,
1ctzujm,Belgium's Ghent university severs ties with three Israeli institutions,100,18,Advanced_Drink_8536,https://www.reuters.com/world/europe/belgiums-ghent-university-severs-ties-with-three-israeli-institutions-2024-05-17/,0.75,False,False,2024-05-17 08:01:34,
1cu0sen,North Korea fires short-range ballistic missiles toward Sea of Japan,97,22,Saltedline,https://english.kyodonews.net/news/2024/05/fbd9ae8d3a5d-urgent-n-korea-fires-ballistic-missile-toward-sea-of-japan-s-korea.html,0.9,False,False,2024-05-17 09:11:45,
1cu7opv,Man who murdered British pensioner in revenge for Gaza jailed for at least 45 years,131,8,Forsaken-Duck-8142,https://www.straitstimes.com/world/europe/man-who-murdered-uk-pensioner-in-revenge-for-gaza-jailed-for-at-least-45-years,0.95,False,False,2024-05-17 15:11:02,
1ctjdaa,Spain denied port of call to ship carrying arms to Israel,95,15,Advanced_Drink_8536,https://uk.news.yahoo.com/spain-denied-port-call-ship-175812890.html,0.79,False,False,2024-05-16 18:05:28,
1cu7e2j,"Give Ukraine long-range missiles to hit Russian targets, German minister says",124,4,HoloAnima,https://www.politico.eu/article/ukraine-germany-long-range-missiles-russia-war-annalena-baerbock/?utm_source=RSS_Feed&utm_medium=RSS&utm_campaign=RSS_Syndication,0.98,False,False,2024-05-17 14:59:41,
1cu5m9a,Man shot dead after French synagogue set on fire,92,20,NightmaresOfDarkness,https://www.bbc.com/news/articles/cp3g8kl8dd5o.amp,0.88,False,False,2024-05-17 13:46:57,
1ctt2ku,China Shows off Robot ‘Dogs of War’ in Cambodia Drills,76,47,mrwhiskeyrum,https://www.thedefensepost.com/2024/05/16/china-robot-dogs-of-war/,0.78,False,False,2024-05-17 01:09:58,
1ctkcws,"US Army experiments with long-endurance drones, balloons in Philippines",76,5,titanjungkim,https://www.defensenews.com/air/2024/05/13/us-army-experiments-with-long-endurance-drones-balloons-in-philippines/,0.91,False,False,2024-05-16 18:46:04,
1cu1moz,"Russian Novorossiysk port, oil depot hit attack ",67,0,Sudden-Emotion-3423,https://kyivindependent.com/russian-media-novorossiysk-port-oil-depot-hit-in-overnight-attack,0.91,False,False,2024-05-17 10:12:19,
1ctv3rj,UK tightens scrutiny of all Indian spice imports amid contamination allegations,68,4,glasier,https://www.reuters.com/world/india/uk-tightens-scrutiny-all-indian-spice-imports-amid-contamination-allegations-2024-05-16/,0.84,False,False,2024-05-17 02:58:11,
1cu7svh,"Some 75 rockets fired on Israel's north in several barrages, two lightly wounded",73,1,Master-Concept-5260,https://www.ynetnews.com/article/r1fdccnma,0.91,False,False,2024-05-17 15:15:36,
1ctw3ye,A massive U.S. dock to help deliver aid to Gaza is completed,67,33,teamworldunity,https://www.nbcnews.com/news/world/massive-us-dock-deliver-food-humanitarian-aid-will-reach-gaza-tonight-rcna147623,0.77,False,False,2024-05-17 03:53:32,
1cu40rj,Israel troops continue posting abuse footage despite pledge to act,57,50,Temp89,https://www.bbc.co.uk/news/world-middle-east-69020237,0.59,False,False,2024-05-17 12:34:18,
1cu348d,Police: Russia using civilians in Vovchansk as human shields,57,5,javelin3000,https://kyivindependent.com/police-russia-using-civilians-in-vovchansk-as-human-shields/,0.86,False,False,2024-05-17 11:46:17,
1cu3mrk,French police kill man who set fire to Rouen synagogue,59,5,hata39,https://www.reuters.com/world/europe/french-police-neutralised-armed-person-who-tried-set-fire-synagogue-rouen-2024-05-17/,0.89,False,False,2024-05-17 12:14:24,
1cu23ud,Suspected gunshots near Israeli embassy in Stockholm prompt police cordon,55,3,No_Discussion6913,https://www.reuters.com/world/europe/suspected-gunshots-near-israeli-embassy-stockholm-prompt-police-cordon-2024-05-17/,0.85,False,False,2024-05-17 10:44:41,
1ctzl2a,Georgia: Peaceful protesters beaten by police squads as Kremlin's shadow looms,56,1,CredibleNews2024,https://news.sky.com/story/georgia-peaceful-protesters-beaten-by-police-squads-as-kremlins-shadow-looms-13137247,0.83,False,False,2024-05-17 07:41:50,
1ctp9b1,"Ottawa, Washington join forces to fund junior Canadian critical-minerals companies in face of trade war with China",55,5,CaliperLee62,https://www.theglobeandmail.com/business/article-ottawa-washington-join-forces-to-fund-junior-canadian-critical/,0.85,False,False,2024-05-16 22:04:09,
1cu42my,French Police Shoot and Kill Man Who Tried to Set Synagogue on Fire,57,5,No_Discussion6913,https://www.nytimes.com/2024/05/17/world/europe/france-synagogue-fire-man-shot.html,0.94,False,False,2024-05-17 12:36:59,
1cti7ys,Disillusion grows in Kenya as Joe Biden hosts President Ruto for a historic state visit | Semafor,51,15,rogerram1,https://www.semafor.com/article/05/16/2024/kenyans-unhappy-as-biden-hosts-president-ruto-at-white-house,0.73,False,False,2024-05-16 17:18:06,
1cu01zc,Amnesty Calls for Release of Iranian Rapper on Death Row,52,0,BinaryPear,https://iranwire.com/en/news/129343-amnesty-calls-for-release-of-iranian-rapper-on-death-row/,0.89,False,False,2024-05-17 08:16:46,
1cu7fm9,Justice Department says Boeing violated deal that avoided prosecution after 737 Max crashes,65,7,xSNYPSx,https://apnews.com//article/boeing-justice-department-737-max-82145b25ed988cd8cae0bce3de79ce9d,0.97,False,False,2024-05-17 15:01:09,
1cu0jfv,China threatens to 'arrest foreigners' in South China Sea - Manila Standard,46,6,Gyro_Armadillo,https://manilastandard.net/news/news-flash/314447930/china-threatens-to-arrest-foreigners-in-south-china-sea.html,0.85,False,False,2024-05-17 08:53:41,
1ctr64b,"Hong Kong must weigh global image in enforcing protest song ban, adviser says",43,6,ccamnvqs,https://www.scmp.com/news/hong-kong/politics/article/3262968/hong-kong-should-take-middle-road-approach-convincing-tech-giants-enforce-protest-song-ban-adviser?module=top_story&pgtype=homepage,0.79,False,False,2024-05-16 23:33:10,
1ctjnbn,China's Nio Launches Cheaper Rival to Tesla's Model Y,43,30,QuantumQuicksilver,https://verity.news/story/2024/chinas-nio-launches-cheaper-rival-to-teslas-model-y,0.69,False,False,2024-05-16 18:16:40,
1ctyqgf,Ukraine: Russia offensive halted after units engage in street battles with Kremlin,44,1,easywaycentre,https://www.telegraphindia.com/world/ukraine-russia-offensive-halted-after-units-engage-in-street-battles-with-kremlin/cid/2020356,0.77,False,False,2024-05-17 06:41:27,
1cu55tb,South Africa exploiting ICJ to strengthen Hamas militarily — Israel warns,49,20,Master-Concept-5260,https://m.jpost.com/breaking-news/article-801557,0.71,False,False,2024-05-17 13:27:35,
1ctzkly,Two dead in Belgorod region as Ukraine launches over 100 drones at Russian targets,44,2,duckanroll,https://novayagazeta.eu/articles/2024/05/17/two-dead-in-belgorod-region-as-ukraine-launches-over-100-drones-at-russian-targets-en-news,0.87,False,False,2024-05-17 07:40:51,
1cu8u00,Putin and Xi pledge a new era and condemn the United States,64,65,lurker_bee,https://www.reuters.com/world/putin-visit-chinas-xi-deepen-strategic-partnership-2024-05-15/,0.84,False,False,2024-05-17 15:57:25,
1cu7522,France riles allies by inviting Russia to D-Day commemoration,52,16,enkrstic,https://www.politico.eu/article/d-day-allies-vexed-over-france-macron-invitation-to-russia-80-anniversary/,0.94,False,False,2024-05-17 14:49:45,
1cu2i5u,Auschwitz Museum criticises Israeli ambassador for “gas chambers in Poland” comment,39,1,BubsyFanboy,https://notesfrompoland.com/2024/05/16/auschwitz-museum-criticises-israeli-ambassador-for-gas-chambers-in-poland-comment/,0.79,False,False,2024-05-17 11:09:39,
1cu0rze,"‘Impossible’ heatwave struck Philippines in April, scientists find | Climate crisis",44,7,bkun9,https://www.theguardian.com/environment/article/2024/may/14/impossible-heatwave-philippines-april-scientists,0.8,False,False,2024-05-17 09:10:54,
1cu6rwh,Hezbollah introduces new weapons and tactics against Israel as war in Gaza drags on,41,1,Red_Franklin,https://apnews.com/article/lebanon-israel-hezbollah-hamas-gaza-drone-missiles-cd9f59ffa7f876aa755b3c6612246763,0.92,False,False,2024-05-17 14:35:01,
1cu7fw6,"Russia not seeking Kharkiv capture, claims Putin",47,17,TheForsakenGlamour,https://www.bbc.com/news/world-europe-69025424,0.89,False,False,2024-05-17 15:01:26,
1cu4lvk,IDF concludes week-long operation in Gaza: significant terrorist casualties - I24NEWS,41,6,yuri_2022,https://www.i24news.tv/en/news/israel-at-war/artc-idf-concludes-week-long-operation-in-gaza-significant-terrorist-casualties,0.72,False,False,2024-05-17 13:02:44,
1ctxim3,New Defense Minister Belousov to put Russia's economy on war footing,35,12,Red_Franklin,https://kyivindependent.com/russias-new-defense-minister-belousov-to-put-russias-economy-on-war-footing/,0.8,False,False,2024-05-17 05:19:33,
1cu7iq5,Warsaw bans religious symbols in city hall and require staff to respect preferred pronouns,48,8,BubsyFanboy,https://notesfrompoland.com/2024/05/16/warsaw-bans-display-of-religious-symbols-in-city-hall/,0.81,False,False,2024-05-17 15:04:28,
1ctykrx,Zelenskyy Tours Kharkiv as Russia Intensifies Eastern Attacks,34,1,RichRoman003,https://citytelegraph.com/news/163508/zelenskyy-tours-kharkiv-as-russia-intensifies-eastern-attacks/,0.88,False,False,2024-05-17 06:30:19,
1cu42k7,Gay conversion therapy banned in Swiss canton of Valais ,45,4,BezugssystemCH1903,https://www.swissinfo.ch/eng/swiss-politics/conversion-therapy-banned-in-valais/77801036,0.84,False,False,2024-05-17 12:36:52,
1cu7pai,Nigerian mass wedding for orphaned girls provokes outcry amid underage fears,43,3,TheTelegraph,https://www.telegraph.co.uk/world-news/2024/05/17/nigerian-mass-wedding-for-orphaned-girls-provokes-outcry/,0.88,False,False,2024-05-17 15:11:40,
1cu6ye0,Rouen: Man shot dead after French synagogue set on fire,34,0,AlertTangerine,https://www.bbc.com/news/articles/cp3g8kl8dd5o,0.89,False,False,2024-05-17 14:42:19,
1cu3ixg,Study shows Russia’s LGBT community faced increased violence and discrimination in 2023,37,2,duckanroll,https://novayagazeta.eu/articles/2024/05/17/study-shows-russias-lgbt-community-faced-increased-violence-and-discrimination-in-2023-en-news,0.78,False,False,2024-05-17 12:08:56,
1ctxi60,China vows to support Pakistan economy,31,2,UsualGrapefruit8109,https://www.nation.com.pk/17-May-2024/china-vows-to-support-pakistan-economy,0.81,False,False,2024-05-17 05:18:44,
1cu6sft,Internal documents prove that Hungarian Foreign Ministry knew about Russian cyber attacks on its systems,35,1,AlertTangerine,https://telex.hu/english/2024/05/16/internal-documents-prove-that-hungarian-foreign-ministry-knew-about-russian-cyber-attacks-on-its-systems,0.93,False,False,2024-05-17 14:35:37,
1cu2j4u,US woman accused of stealing identities to give North Koreans jobs,32,2,Ok_Platform_20,https://www.bbc.com/news/world-us-canada-69024813,0.81,False,False,2024-05-17 11:11:10,
1ctxk4j,Over 20 suspected Jemaah Islamiyah members arrested in Johor after police station attack left 2 officers dead,34,1,FijiWaterIsDelicious,https://www.channelnewsasia.com/asia/malaysia-johor-police-officers-killed-attack-jemaah-islamiyah-4343051,0.85,False,False,2024-05-17 05:22:10,
1ctpg26,"China, Cambodia begin 15-day military exercises",27,9,Gyro_Armadillo,https://globalnation.inquirer.net/236345/china-cambodia-begin-15-day-military-exercises,0.74,False,False,2024-05-16 22:12:47,
1cu84c7,Iran arrests over 260 including three Europeans at 'Satanist' meeting,32,9,Conamin,https://www.reuters.com/world/middle-east/iran-arrests-over-260-including-three-europeans-satanist-meeting-tasnim-says-2024-05-17/,0.93,False,False,2024-05-17 15:28:13,
1cty19z,India Signs 10-Year Agreement to Operate Iran's Chabahar Port,26,3,donutloop,https://www.iranintl.com/en/202405130371,0.74,False,False,2024-05-17 05:54:05,
1cu8fy1,German defence industry says it will need government help to reduce dependence on China,29,1,donutloop,https://www.reuters.com/business/aerospace-defense/german-defence-industry-says-it-will-need-government-help-reduce-dependence-2024-05-17/,0.84,False,False,2024-05-17 15:41:19,
1ctknlh,Tesla’s Controversial Factory Expansion Is Approved,24,11,wiredmagazine,https://www.wired.com/story/teslas-controversial-factory-expansion-is-approved/,0.66,False,False,2024-05-16 18:58:41,
1cu7uc9,Ukraine ramps up domestic arms production as troops face weapons shortage on battlefield,32,1,javelin3000,https://www.channelnewsasia.com/world/ukraine-domestic-arms-production-weapons-shortage-drone-manufacture-russia-invasion-war-4343506,0.87,False,False,2024-05-17 15:17:18,
1cu283n,Gangs of Tehran: how Iran takes out its enemies abroad,28,1,BinaryPear,https://www.spectator.co.uk/article/gangs-of-tehran-how-iran-takes-out-its-enemies-abroad/,0.81,False,False,2024-05-17 10:52:26,
1cu1zg6,"Slovak doctors to discuss moving PM Fico to Bratislava on Monday, reports say",24,0,ccamnvqs,https://www.reuters.com/world/europe/slovak-doctors-discuss-transporting-pm-fico-bratislava-monday-local-media-2024-05-17/,0.85,False,False,2024-05-17 10:36:51,
1cu05ft,"Slovak PM Fico between life and death after shooting, ally says",22,9,nbcnews,https://www.nbcnews.com/news/world/slovak-pm-fico-between-life-and-death-shooting-orban-rcna152716,0.73,False,False,2024-05-17 08:24:04,
1cu45bg,China to cut mortgage rates as part of plan to prop up property market,27,13,Johannes_P,https://www.theguardian.com/world/article/2024/may/17/china-to-cut-mortgage-rates-as-part-of-plan-to-prop-up-property-market,0.81,False,False,2024-05-17 12:40:37,
1ctzkpw,Gallant’s attack on Netanyahu airs government’s dirty laundry - but there is no easy answer for the ‘day after’ in Gaza,23,2,CredibleNews2024,https://allisrael.com/gallant-s-attack-on-netanyahu-airs-out-government-s-dirty-laundry-regarding-day-after-in-gaza,0.75,False,False,2024-05-17 07:41:06,
